,sugar index,bake temp,chill time,calories,grams baking soda,bake time,quality,weight,chocolate,oats,peanut_butter,raisins,nuts,butter type_melted
0,19.25,400.0,41.0,172.0,0.67,9.7,7.3654018646810115,16.6,1,0,0,0,1,1
1,1.0,520.0,35.0,146.0,0.44,10.0,7.904888839299762,13.8,1,0,0,0,0,1
2,10.4,440.00000000000006,20.0,142.0,0.53,10.0,7.746052522366069,17.0,1,0,0,0,0,1
3,1.1,570.0,21.0,82.0,0.46,10.9,7.931682626150913,12.4,1,1,0,0,0,1
4,13.5,600.0,52.0,192.0,0.44,9.1,7.0,14.8,1,0,0,0,0,1
5,5.5,480.0,42.0,173.0,0.66,9.3,7.572678331026485,12.8,0,0,0,1,0,1
6,2.3,530.0,36.0,114.0,0.5,10.2,8.014092355206252,11.6,1,0,0,0,0,1
7,6.2,490.0,20.0,124.0,0.51,9.9,7.223672382845064,20.4,1,0,0,0,1,1
8,7.0,360.00000000000006,45.0,164.0,0.33,11.0,7.00000000000001,15.0,1,0,0,0,0,1
9,2.4,480.0,41.0,200.0,0.5,9.7,8.0,12.8,1,1,0,0,0,1
10,7.3,410.0,26.0,157.0,0.64,9.8,7.825804142276462,12.4,1,0,0,0,0,1
11,4.8,370.00000000000006,36.0,148.0,0.41,10.4,7.957024896241061,12.4,0,0,0,1,0,1
12,6.3,390.0,37.0,143.0,0.65,10.0,7.7492322741851085,12.8,0,0,0,1,0,1
13,1.3,360.00000000000006,33.0,85.0,0.51,10.4,7.8190316182656865,14.4,1,0,0,0,0,1
14,1.8,330.0,16.0,91.0,0.4,11.8,8.0,12.6,1,0,0,0,0,1
15,7.8,450.0,27.0,153.0,0.55,9.0,7.519964545371476,14.8,1,0,0,0,0,1
16,15.6,559.9999999999999,75.0,155.0,0.44,8.8,7.450571459679587,13.4,1,1,0,0,0,1
17,1.1,500.0,24.0,169.0,0.78,9.5,7.698323789884721,12.2,0,0,0,1,0,1
18,2.0,210.0,20.0,69.0,0.56,12.2,8.535881846107037,14.6,1,0,0,0,0,1
19,1.5,370.00000000000006,35.0,107.0,0.5,11.4,8.160255374068537,12.6,1,0,0,0,0,1
20,1.2,440.00000000000006,26.0,116.0,0.53,10.3,7.987872716524442,12.6,1,1,0,0,0,1
21,2.3,450.0,73.5,214.0,0.61,9.9,9.0,14.8,1,1,0,0,0,1
22,1.6,279.99999999999994,24.0,102.0,0.59,11.6,8.342478883279103,13.4,1,0,0,0,0,1
23,18.15,470.0,59.0,182.0,0.52,9.6,7.576974169193718,14.4,1,0,0,0,0,1
24,8.9,430.0,31.0,172.0,0.6,9.2,7.0,13.4,1,0,0,0,1,1
25,10.8,410.0,70.0,189.0,0.49,8.6,6.0,14.4,1,0,0,0,1,1
26,2.25,370.00000000000006,8.0,210.0,0.62,9.9,7.5126153093994885,13.0,0,0,0,1,0,1
27,1.3,410.0,62.0,138.0,0.42,10.0,7.430563956220777,13.4,1,0,0,0,0,1
28,10.4,500.0,76.0,192.0,0.42,8.7,7.0,14.4,1,0,0,0,1,1
29,7.5,490.0,38.0,158.0,0.38,9.6,7.0,14.6,1,0,0,0,0,1
30,1.9,510.0,52.0,195.0,0.5,10.9,8.02577806549779,15.6,1,0,0,0,0,1
31,13.9,460.0,68.0,179.0,0.5,10.4,7.766729425804514,12.6,1,0,0,0,0,1
32,14.2,420.0,62.0,204.0,0.59,9.4,7.550097598290501,14.8,0,0,0,1,0,1
33,2.7,380.0,39.0,187.0,0.5,10.8,7.853724086330043,12.0,0,0,0,1,0,1
34,1.6,320.0,23.0,128.0,0.47,11.7,8.202405629869387,13.8,0,0,0,1,0,1
35,1.2,470.0,54.0,134.0,0.97,9.8,8.239628228321394,14.2,1,1,0,0,0,1
36,2.1,340.0,30.0,177.0,0.4,11.9,10.0,14.6,1,0,0,0,0,1
37,1.6,340.0,29.0,118.0,0.5,11.0,8.07042732472904,14.6,1,0,0,0,0,1
38,1.9,400.0,9.0,121.0,0.48,9.9,7.159043408843471,17.6,0,0,0,1,0,1
39,4.6,570.0,59.0,144.0,0.44,9.4,7.607986137266044,14.0,1,1,0,0,0,1
40,1.6,430.0,63.0,149.0,0.52,10.8,7.94010409136429,13.8,1,1,0,0,0,1
41,1.3,460.0,6.0,29.0,0.63,10.4,7.891719909016615,12.0,1,0,0,0,0,1
42,1.3,550.0,32.0,146.0,0.39,10.5,7.464744418509349,16.6,1,1,0,0,0,1
43,2.8,360.00000000000006,19.0,113.0,0.29,10.2,7.625104518375137,15.2,0,0,0,1,0,1
44,11.2,709.9999999999999,44.0,136.0,0.88,9.2,7.915820559676738,13.6,0,0,0,1,0,1
45,7.6,470.0,45.0,232.0,0.62,10.0,7.499795889553395,12.4,0,0,0,1,0,1
46,4.1,730.0,36.0,202.0,0.67,9.5,7.283221275266412,13.4,1,0,0,0,0,1
47,2.6,370.00000000000006,33.0,125.0,0.49,11.1,8.019175488944569,15.0,1,1,0,0,0,1
48,14.8,540.0000000000001,32.0,126.0,0.5,9.7,7.0000000000000036,16.6,1,0,0,0,0,1
49,4.7,590.0,31.0,118.0,0.39,9.0,7.502893205067541,13.6,1,1,0,0,0,1
50,10.2,410.0,58.0,160.0,0.45,8.6,7.0,14.6,0,0,0,1,0,1
51,8.3,370.00000000000006,33.0,216.0,0.64,9.7,7.254306964875394,16.2,1,0,0,0,1,1
52,1.1,310.0,15.0,151.0,0.41,10.6,7.507821612769299,18.2,1,0,0,0,0,1
53,4.8,370.00000000000006,37.0,171.0,0.44,9.0,7.6685189343785085,15.8,1,1,0,0,0,1
54,16.85,540.0000000000001,23.0,135.0,0.38,9.0,8.0,15.6,0,0,0,1,0,1
55,2.0,450.0,31.0,101.0,0.55,11.4,7.0,14.8,1,0,0,0,0,1
56,15.55,370.00000000000006,61.0,171.0,0.35,8.8,7.78279734745837,14.0,1,0,0,0,0,1
57,1.5,490.0,10.0,97.0,0.44,10.7,8.0,10.0,0,0,0,1,0,1
58,1.15,330.0,18.0,96.0,0.32,12.4,8.283218552062756,16.6,0,0,0,1,0,1
59,4.5,300.0,40.0,114.0,0.54,12.4,8.932477557061778,15.8,1,0,0,0,1,1
60,6.8,360.00000000000006,64.0,245.0,0.36,9.3,7.507211714062086,12.4,1,0,0,0,0,1
61,1.5,470.0,44.0,167.0,0.44,10.5,7.819940185197132,13.6,1,0,0,0,0,1
62,2.0,290.0,13.0,151.0,0.33,10.4,7.095394872057609,15.2,0,0,0,1,1,1
63,1.7,320.0,30.0,130.0,0.41,11.2,8.19248930228038,12.4,0,0,0,1,0,1
64,5.4,440.00000000000006,31.0,122.0,0.5,11.1,7.86752430383857,14.8,1,0,0,0,1,1
65,1.3,450.0,16.0,128.0,0.6,10.0,7.519856314012943,13.2,1,0,0,0,0,1
66,14.2,530.0,19.0,94.0,0.5,9.6,7.591650228459129,13.8,1,0,0,0,0,1
67,7.1,500.0,67.0,210.0,0.34,9.5,7.536703684825131,12.6,1,0,0,0,0,1
68,1.2,610.0,27.0,117.0,0.34,9.4,7.309299873033078,16.0,1,0,0,0,0,1
69,4.45,440.00000000000006,33.0,130.0,0.42,12.2,8.000000000000004,16.6,1,0,0,0,0,1
70,5.4,480.0,54.0,164.0,0.44,10.8,8.294155973518727,12.8,1,1,0,0,0,1
71,3.0,300.0,30.0,96.0,0.39,12.3,8.643506649494201,14.2,1,0,0,0,0,1
72,3.6,570.0,13.0,85.0,0.48,9.5,6.0,13.8,1,0,0,0,0,1
73,1.6,500.0,17.0,131.0,0.34,9.4,7.0,17.8,0,0,0,1,0,1
74,1.0,390.0,46.0,131.0,0.51,10.5,8.198855884784317,18.0,1,1,0,0,0,1
75,1.8,530.0,6.0,121.0,0.7,11.4,7.792742177200035,13.8,1,0,0,0,0,1
76,1.0,440.00000000000006,29.0,118.0,0.36,10.9,7.745915130651758,16.4,1,0,0,0,0,1
77,1.3,460.0,27.0,142.0,0.59,10.2,7.788934781414715,15.6,1,0,0,0,0,1
78,7.7,490.0,53.0,217.0,0.4,9.3,7.507760022716675,13.2,0,0,0,1,0,1
79,1.4,470.0,30.0,114.0,0.42,10.8,8.140904037262686,13.4,1,0,0,0,0,1
80,15.4,590.0,32.0,177.0,0.58,9.0,7.92314312091372,16.2,1,0,0,0,0,1
81,5.9,550.0,33.0,128.0,0.51,11.8,8.05580865862285,17.6,0,0,0,1,0,1
82,6.6,450.0,42.0,170.0,0.45,10.4,7.797909276551394,12.4,0,0,0,1,0,1
83,14.4,550.0,55.0,205.0,0.38,9.0,9.0,14.4,1,0,0,0,0,1
84,1.55,410.0,118.5,216.0,0.63,9.4,7.727586170079842,13.4,1,0,0,0,0,1
85,4.2,400.0,41.0,213.0,0.49,11.8,7.896947020447184,14.0,1,0,0,0,0,1
86,4.2,400.0,41.0,213.0,0.49,11.8,7.896947020447184,14.0,1,0,0,0,0,1
87,1.8,430.0,25.0,121.0,0.61,10.2,7.936326117389436,13.4,1,0,0,0,0,1
88,11.1,330.0,43.0,208.0,0.46,10.3,7.888588253760371,15.8,1,0,0,0,0,1
89,1.6,400.0,43.0,148.0,0.59,11.5,10.0,13.0,1,1,0,0,0,1
90,6.0,460.0,29.0,108.0,0.5,10.8,8.062847221589953,14.0,1,0,0,0,0,1
91,1.7,500.0,28.0,178.0,0.43,9.0,7.238874335477262,18.6,1,0,0,0,0,1
92,2.7,520.0,24.0,190.0,0.45,10.9,7.691393234154545,16.4,1,1,0,0,0,1
93,14.5,450.0,68.0,212.0,0.36,10.0,7.101747902856644,15.2,1,0,0,0,1,1
94,1.1,310.0,40.0,99.0,0.3,10.4,7.670623199328303,18.4,1,0,0,0,0,1
95,9.6,570.0,50.0,185.0,0.38,9.6,8.0,13.8,1,1,0,0,0,1
96,4.8,500.0,33.0,87.0,0.42,9.9,7.904879117199302,15.0,1,0,0,0,0,1
97,2.5,460.0,40.0,153.0,0.51,11.4,8.001872240068707,13.4,1,1,0,0,0,1
98,10.9,370.00000000000006,18.0,112.0,0.5,9.6,7.683380426636228,14.6,1,0,0,0,0,1
99,1.7,510.0,50.0,179.0,0.69,8.9,7.864157859955186,14.8,0,0,0,1,0,1
100,4.5,460.0,33.0,102.0,0.56,12.2,8.95464607248768,15.4,1,0,0,0,1,1
101,14.0,690.0000000000001,42.0,163.0,0.47,9.8,7.546174816448099,13.2,1,0,0,0,0,1
102,1.8,340.0,43.0,150.0,0.69,11.0,10.0,12.8,1,1,0,0,0,1
103,9.25,340.0,73.0,142.0,0.37,11.4,8.0,17.0,1,0,0,0,0,1
104,9.05,390.0,37.0,128.0,0.34,11.3,8.653057057020186,13.8,1,0,0,0,0,1
105,7.1,400.0,35.0,162.0,0.58,9.9,8.0,12.8,1,0,0,0,0,1
106,10.2,490.0,57.0,191.0,0.4,9.3,8.0,15.2,0,0,0,1,0,1
107,1.5,490.0,39.0,184.0,0.41,9.9,7.565377290702757,13.2,0,0,0,1,0,1
108,6.3,510.0,35.0,240.0,0.54,10.0,7.72274418907126,14.6,1,1,0,0,0,1
109,15.1,300.0,34.0,153.0,0.51,12.0,9.0,14.8,1,0,0,0,1,1
110,1.0,540.0000000000001,24.0,164.0,0.51,10.5,7.454235056782908,13.8,1,1,0,0,0,1
111,11.5,490.0,44.0,157.0,0.44,9.0,7.0,14.8,1,0,0,0,1,1
112,1.6,559.9999999999999,34.0,181.0,0.46,10.0,7.37272982001727,20.0,0,1,0,1,0,1
113,7.8,490.0,57.0,202.0,0.39,9.5,7.3769441453732,13.2,1,0,0,0,0,1
114,17.85,490.0,50.0,185.0,0.42,9.6,7.639128573395661,14.4,1,0,0,0,0,1
115,14.3,450.0,45.0,213.0,0.63,9.2,7.0,15.4,0,0,0,1,0,1
116,10.3,390.0,73.0,212.0,0.49,9.5,7.497597963878359,15.8,1,0,0,0,0,1
117,10.3,390.0,73.0,212.0,0.49,9.5,7.497597963878359,15.8,1,0,0,0,0,1
118,5.7,380.0,26.0,98.0,0.59,12.5,9.0,14.4,0,0,0,1,0,1
119,2.1,490.0,21.0,153.0,0.5,9.6,7.207010406366128,16.6,1,0,0,0,0,1
120,1.3,410.0,20.0,71.0,0.74,9.9,8.0,14.2,1,1,0,0,0,1
121,9.3,620.0,40.0,126.0,0.39,9.6,7.0,15.2,1,1,0,0,0,1
122,1.7,279.99999999999994,10.0,59.0,0.48,10.4,7.415271007575508,16.4,0,0,0,1,0,1
123,1.6,400.0,25.0,87.0,0.66,10.3,8.081412704263066,13.6,1,0,0,0,0,1
124,4.6,800.0,34.0,172.0,0.39,11.1,7.869243211095433,14.6,1,1,0,0,0,1
125,1.2,310.0,27.0,84.0,0.34,9.9,7.773784058843522,14.4,1,1,0,0,0,1
126,7.6,520.0,35.0,143.0,0.38,9.0,7.0,13.6,0,0,0,1,0,1
127,7.8,490.0,39.0,152.0,0.58,10.0,7.864644422190523,16.2,1,0,0,0,0,1
128,1.1,510.0,61.0,197.0,0.4,9.0,7.114637674310732,11.4,1,0,0,0,1,1
129,1.4,460.0,37.0,135.0,0.57,10.2,8.296838688317022,14.4,1,1,0,0,0,1
130,1.4,460.0,34.0,185.0,0.49,10.2,7.440714021658269,19.8,0,0,1,0,0,1
131,4.3,440.00000000000006,49.0,172.0,0.74,10.8,8.060992693912883,16.2,1,0,0,0,0,1
132,17.2,360.00000000000006,49.0,219.0,0.46,9.7,7.000000000000004,16.0,1,0,0,0,0,1
133,1.0,240.0,13.0,91.0,0.37,10.1,7.0,17.0,1,1,0,0,0,1
134,6.9,460.0,50.0,173.0,0.46,9.0,7.246718144832585,13.6,0,0,0,1,0,1
135,3.2,300.0,49.0,164.0,0.79,11.7,9.0,12.6,1,0,0,0,1,1
136,12.8,420.0,57.0,184.0,0.46,9.0,7.614814140823867,15.0,0,0,0,1,0,1
137,14.2,559.9999999999999,53.0,212.5,0.46,8.9,9.99999999999999,15.2,1,0,0,0,0,1
138,14.6,430.0,47.0,168.0,0.67,8.8,8.0,14.0,1,0,0,0,0,1
139,14.6,430.0,47.0,168.0,0.67,8.8,8.0,14.0,1,0,0,0,0,1
140,8.1,260.0,14.0,71.0,0.36,11.8,7.809817415380576,18.0,0,0,0,1,1,1
141,8.1,260.0,14.0,71.0,0.36,11.8,7.809817415380576,18.0,0,0,0,1,1,1
142,0.6,420.0,11.0,71.0,0.38,10.6,7.0,17.4,1,0,0,0,0,1
143,4.8,279.99999999999994,22.0,104.0,0.45,9.2,7.351490237349215,11.2,1,1,0,0,0,1
144,9.2,460.0,22.0,126.0,0.47,9.3,7.718517154772665,16.6,0,0,0,1,0,1
145,6.6,520.0,28.0,156.0,0.41,9.6,7.326817689227382,13.6,0,0,0,1,0,1
146,18.15,420.0,41.0,146.0,0.36,8.7,7.0,13.6,1,0,0,0,0,1
147,4.9,310.0,20.0,151.0,0.82,12.0,8.219398016302048,13.4,0,0,0,1,0,1
148,1.8,360.00000000000006,23.0,96.0,0.4,10.8,8.203286665702299,13.4,1,0,0,0,0,1
149,1.6,300.0,25.0,126.0,0.34,12.1,8.5730002294837,14.2,0,0,0,1,0,1
150,1.3,570.0,25.0,173.0,0.51,9.1,7.378347949601721,14.6,0,0,0,1,0,1
151,5.2,400.0,31.0,140.0,0.68,9.5,7.833672570100832,13.0,1,1,0,0,0,1
152,5.6,430.0,43.0,164.0,0.76,9.5,7.626039221804263,13.2,1,0,0,0,0,1
153,8.0,440.00000000000006,51.0,172.0,0.44,9.2,7.322532216332369,14.4,1,0,0,0,0,1
154,7.7,450.0,53.0,176.0,0.38,9.5,7.436509630106459,14.4,1,0,0,0,0,1
155,8.9,480.0,33.0,146.0,0.46,9.3,7.709937218199164,16.8,1,0,0,0,0,1
156,10.7,380.0,59.0,186.0,0.55,9.5,8.0,15.4,1,0,0,0,0,1
157,17.1,500.0,44.0,138.0,0.37,8.8,7.0,13.0,1,0,0,0,0,1
158,3.1,410.0,18.0,126.0,0.42,12.0,8.398799162580831,12.8,1,0,0,0,0,1
159,4.9,350.00000000000006,36.0,109.0,0.58,12.2,9.000000000000002,15.4,0,0,0,1,0,1
160,2.1,300.0,22.0,162.0,0.68,11.9,7.932262486488093,16.6,1,0,0,0,0,1
161,7.1,540.0000000000001,41.0,224.0,0.55,10.1,7.000000000000011,14.4,1,1,0,0,0,1
162,13.2,470.0,64.0,179.0,0.46,9.0,7.316845187264998,15.0,1,0,0,0,0,1
163,2.7,370.00000000000006,18.0,89.0,0.74,11.5,8.293372657699553,13.0,1,1,0,0,0,1
164,10.0,540.0000000000001,49.0,165.0,0.42,9.9,7.643088769903984,14.4,1,0,0,0,0,1
165,15.3,559.9999999999999,31.0,117.0,0.5,9.6,7.000000000000003,15.4,1,0,0,0,0,1
166,2.1,520.0,15.0,76.0,0.41,10.6,7.6089278144664005,14.0,1,0,0,0,0,1
167,1.9,540.0000000000001,23.0,91.0,0.45,10.3,7.901053846285539,15.0,1,1,0,0,0,1
168,8.6,520.0,34.0,187.0,0.59,10.2,7.880604908788334,19.6,0,1,0,1,0,1
169,18.8,279.99999999999994,55.0,130.0,0.35,11.6,7.930590449913154,16.8,1,0,0,0,0,1
170,12.8,530.0,48.5,229.0,0.49,9.1,9.0,14.8,1,1,0,0,0,1
171,3.8,440.00000000000006,30.0,114.0,0.4,11.0,8.022005893295677,14.8,1,0,0,0,0,1
172,6.6,400.0,38.0,141.0,0.47,9.5,7.59775370616708,12.6,0,0,0,1,0,1
173,10.7,370.00000000000006,34.0,145.0,0.32,9.7,7.713659078903556,18.4,1,0,0,0,0,1
174,1.1,370.00000000000006,20.0,71.0,0.38,11.7,7.864526768225603,14.0,1,0,0,0,0,1
175,1.5,390.0,24.0,125.0,0.64,12.2,8.0,14.0,0,0,0,1,0,1
176,1.4,470.0,23.0,107.0,0.65,10.4,7.924340485287185,14.8,1,1,0,0,0,1
177,13.8,410.0,32.0,161.0,0.4,9.9,8.0,17.0,1,0,0,0,0,1
178,10.8,510.0,25.0,157.0,0.47,11.4,9.0,16.0,1,0,0,0,1,1
179,9.2,340.0,42.0,150.0,0.36,11.5,8.0,13.8,1,0,0,0,0,1
180,2.8,540.0000000000001,16.0,89.0,0.45,9.5,7.222736285148539,16.8,1,0,0,0,0,1
181,1.6,490.0,10.0,164.0,0.51,9.7,7.478174561661862,13.0,0,0,0,1,0,1
182,8.5,480.0,10.0,147.0,0.46,9.5,8.0,13.8,1,0,0,0,1,1
183,8.2,420.0,41.0,180.0,0.49,9.1,7.430049932387853,14.4,1,0,0,0,0,1
184,7.8,400.0,48.0,184.0,0.5,9.4,7.0,14.2,1,0,0,0,0,1
185,14.9,600.0,37.0,162.0,0.45,9.0,6.0,12.8,0,0,0,1,0,1
186,1.7,470.0,16.0,100.0,0.45,10.6,7.787127320221365,14.8,1,0,0,0,0,1
187,7.7,480.0,45.0,186.0,0.47,9.0,7.0,12.6,1,0,0,0,0,1
188,17.3,600.0,46.0,235.0,0.61,8.8,7.362474956070312,18.4,0,0,0,1,0,1
189,1.4,390.0,24.0,128.0,0.68,10.4,7.886458170698412,14.2,1,1,0,0,0,1
190,1.4,1570.0,34.0,132.0,0.53,9.0,8.0,14.4,0,0,0,1,0,1
191,15.7,559.9999999999999,49.0,159.0,0.48,9.0,7.000000000000015,13.8,0,0,0,1,0,1
192,1.3,330.0,25.0,91.0,0.39,10.6,8.1635150098649,14.8,1,1,0,0,0,1
193,1.3,1480.0000000000002,45.0,149.0,0.56,8.7,7.184183124033205,14.2,1,0,0,0,1,1
194,1.3,470.0,20.0,77.0,0.54,10.2,7.85170860527183,12.8,1,1,0,0,0,1
195,1.3,460.0,18.0,66.0,0.55,10.3,7.877994217608263,12.6,1,1,0,0,0,1
196,15.6,490.0,67.0,210.0,0.68,9.5,7.0,14.8,0,0,0,1,0,1
197,15.6,490.0,67.0,210.0,0.68,9.5,7.0,14.8,0,0,0,1,0,1
198,6.5,370.00000000000006,26.0,97.0,0.58,12.6,8.999999999999998,14.6,1,0,0,0,1,1
199,2.7,470.0,38.0,150.0,0.56,10.8,8.078810565638602,17.2,1,1,0,0,0,1
200,10.6,420.0,66.0,202.0,0.53,9.5,7.52230831897891,13.0,1,0,0,0,0,1
201,3.5,270.00000000000006,23.0,109.0,0.54,12.8,8.633930361194903,12.6,1,0,0,0,1,1
202,2.3,430.0,28.0,125.0,0.44,12.6,8.864289126742495,14.6,0,0,0,1,0,1
203,1.4,600.0,15.0,168.0,0.4,9.4,7.051291893704414,15.0,1,0,0,0,1,1
204,5.0,400.0,40.0,143.0,0.42,12.2,8.474288991020803,14.0,0,0,0,1,0,1
205,14.6,530.0,34.0,159.0,0.44,9.2,7.0,13.6,1,0,0,0,0,1
206,10.6,450.0,51.0,153.0,0.44,8.8,7.254822351638933,15.0,1,0,0,0,0,1
207,9.8,670.0,61.0,180.0,0.57,9.0,7.29366622244778,13.0,1,0,0,0,0,1
208,13.3,480.0,46.0,212.0,0.59,10.0,7.733496142242631,15.8,0,0,0,1,0,1
209,1.7,350.00000000000006,39.0,144.0,0.5,10.5,8.217224207571466,13.0,1,1,0,0,0,1
210,12.6,530.0,44.0,182.0,0.42,9.7,7.541003506075054,13.4,1,0,0,0,0,1
211,7.2,990.0,47.0,202.0,0.43,9.2,7.188305605852951,12.4,1,0,0,0,1,1
212,3.0,360.00000000000006,5.0,85.0,0.4,11.5,7.787081294150876,12.0,0,0,0,1,0,1
213,1.5,910.0,42.0,135.0,0.49,9.6,7.661982480833874,12.8,1,1,0,0,0,1
214,17.75,470.0,25.0,218.0,0.66,9.1,7.641409301468993,16.8,0,0,0,1,0,1
215,2.0,470.0,16.0,104.0,0.66,10.0,7.3244870227895555,18.4,1,1,0,0,0,1
216,2.0,440.00000000000006,18.0,107.0,0.53,10.2,7.349314800868281,18.4,1,1,0,0,0,1
217,8.2,380.0,72.0,202.0,0.56,10.0,7.810258103258383,16.0,1,0,0,0,0,1
218,19.35,700.0000000000001,67.0,207.0,0.53,9.1,7.543079060402134,12.2,0,0,0,1,0,1
219,7.7,960.0,28.0,210.0,0.72,9.2,7.276369111462798,12.4,1,0,0,0,1,1
220,7.7,960.0,28.0,210.0,0.72,9.2,7.276369111462798,12.4,1,0,0,0,1,1
221,8.3,420.0,61.0,195.0,0.46,9.4,7.361459821167783,12.8,1,0,0,0,0,1
222,8.4,440.00000000000006,60.0,198.0,0.47,9.4,7.355444915072946,12.8,1,0,0,0,0,1
223,17.5,450.0,48.0,253.0,0.56,9.1,7.661264134059707,16.6,1,0,0,0,0,1
224,5.6,340.0,9.0,148.0,0.5,9.8,7.5084346609968575,12.8,0,0,0,1,0,1
225,2.6,510.0,40.5,210.0,0.61,10.0,7.528098449986003,13.2,0,0,0,1,0,1
226,8.2,420.0,21.0,133.0,0.64,9.8,7.936514399668623,13.0,1,0,0,0,0,1
227,10.0,370.00000000000006,38.0,157.0,0.52,9.4,7.000000000000002,13.2,0,0,0,1,1,1
228,7.4,370.00000000000006,36.0,156.0,0.54,10.6,8.0,16.2,0,0,0,1,0,1
229,10.3,320.0,12.0,97.0,0.4,10.7,7.808045822901053,17.6,1,0,0,0,0,1
230,15.55,430.0,20.0,142.0,0.54,10.1,7.509595680976351,12.0,1,0,0,0,0,1
231,5.3,750.0,49.0,201.0,0.43,9.5,7.329510288070104,12.0,1,0,0,0,0,1
232,12.7,540.0000000000001,20.0,139.0,0.5,9.7,6.000000000000017,15.2,0,0,0,1,0,1
233,18.1,460.0,32.0,133.0,0.48,8.8,7.0,13.6,1,0,0,0,0,1
234,6.4,390.0,39.0,191.0,0.52,9.8,7.6062890215088705,12.8,0,0,0,1,0,1
235,5.2,320.0,36.0,140.0,0.47,12.3,8.77077541197672,14.2,0,0,0,1,0,1
236,4.7,290.0,34.0,148.0,0.49,12.3,8.763605725174054,13.8,0,0,0,1,0,1
237,11.3,340.0,61.0,224.0,0.56,9.5,7.18518750838196,14.6,0,0,0,1,1,1
238,1.4,290.0,35.0,138.0,0.6,11.5,9.0,13.0,1,1,0,0,0,1
239,1.7,430.0,19.0,95.0,0.46,10.7,8.039935521223851,13.6,1,0,0,0,0,1
240,8.6,320.0,30.0,142.0,0.44,9.5,8.0,11.8,1,0,0,0,0,1
241,12.1,300.0,34.0,177.0,0.47,10.6,7.706417199530781,18.0,1,0,0,0,0,1
242,17.3,460.0,15.0,110.0,0.42,9.2,8.0,13.0,1,0,0,0,0,1
243,4.8,520.0,27.0,128.0,0.48,9.4,7.0,12.4,0,0,0,1,0,1
244,12.9,330.0,54.0,170.0,0.53,8.8,7.285214485621655,15.2,1,0,0,0,0,1
245,14.9,480.0,59.0,240.0,0.45,8.9,8.472310251367793,14.6,0,0,0,1,0,1
246,7.0,430.0,60.0,207.0,0.49,9.6,7.488412675753728,13.6,1,0,0,0,0,1
247,8.6,340.0,25.0,135.0,0.59,10.3,7.918318979682923,13.2,1,0,0,0,0,1
248,10.4,380.0,85.0,182.0,0.44,8.9,7.476549457714491,13.4,1,1,0,0,0,1
249,10.0,390.0,74.0,227.0,0.5,9.4,7.524343695579985,13.0,1,0,0,0,0,1
250,18.95,530.0,36.0,174.0,0.5,10.4,7.690709734979928,15.4,0,0,0,1,0,1
251,12.8,620.0,19.0,171.0,0.52,9.0,9.0,13.6,1,1,0,0,0,1
252,1.4,680.0,25.0,154.0,0.48,9.7,7.225965194315599,14.4,1,1,0,0,1,1
253,8.2,240.0,53.0,209.0,0.46,10.8,7.889417299791784,15.0,1,0,0,0,0,1
254,11.1,530.0,44.0,177.0,0.67,9.4,7.411277122023148,12.6,1,0,0,0,0,1
255,14.2,390.0,47.0,129.0,0.72,10.3,9.0,13.0,1,1,0,0,0,1
256,20.4,410.0,40.0,144.0,0.38,8.7,7.390611280162826,13.0,1,0,0,0,0,1
257,10.1,500.0,29.0,140.0,0.4,9.4,7.0,13.2,0,0,0,1,0,1
258,1.3,440.00000000000006,72.0,197.0,0.43,10.9,7.730723229842298,11.6,1,1,0,0,1,1
259,1.2,460.0,9.0,71.0,0.68,10.9,8.19959480383233,11.4,1,1,0,0,0,1
260,2.3,180.00000000000003,45.0,80.0,0.34,12.9,8.506926063745814,14.6,1,0,0,0,0,1
261,5.95,810.0,76.0,303.0,0.57,9.4,7.095233859860227,13.8,1,0,0,0,1,1
262,6.6,670.0,35.0,156.0,0.48,9.3,7.368118355343923,13.4,0,0,0,1,0,1
263,6.6,300.0,36.0,91.0,0.45,12.5,8.63446443253525,12.4,1,0,0,0,0,1
264,1.6,360.00000000000006,28.0,143.0,0.54,10.3,8.044858267778167,13.4,1,0,0,0,0,1
265,1.2,240.0,20.0,166.0,0.54,9.8,8.0,13.8,0,0,0,1,0,1
266,16.3,380.0,43.0,133.0,0.41,8.8,7.0,13.0,1,0,0,0,0,1
267,13.7,440.00000000000006,66.0,184.0,0.75,8.9,7.000000000000001,15.6,1,0,0,0,0,1
268,1.1,279.99999999999994,18.0,69.0,0.54,10.0,7.893216875079685,10.4,1,0,0,0,0,1
269,6.5,290.0,53.0,160.0,0.38,10.9,8.0,15.0,1,1,0,0,0,1
270,5.2,300.0,32.0,101.0,0.62,12.3,8.915258343130404,15.2,1,0,0,0,1,1
271,16.4,450.0,62.0,153.0,0.42,10.5,7.72934434187728,13.8,1,0,0,0,0,1
272,12.4,510.0,86.0,213.0,0.51,9.9,8.0,13.0,0,0,0,1,0,1
273,2.6,490.0,13.0,135.0,0.51,10.0,7.003883145904114,15.8,0,0,0,1,1,1
274,4.8,340.0,25.0,100.0,0.47,12.4,8.666126520654364,13.6,0,0,0,1,0,1
275,12.3,480.0,54.0,145.0,0.42,9.3,7.529914451783304,12.6,1,0,0,0,0,1
276,11.8,570.0,48.0,127.0,0.55,10.0,8.0,14.6,1,0,0,0,0,1
277,1.8,450.0,96.0,170.0,0.9,11.8,10.0,11.6,1,1,0,0,0,1
278,1.4,360.00000000000006,38.0,108.0,0.66,12.0,8.287121185162384,13.6,1,1,0,0,0,1
279,6.6,250.0,15.0,138.0,0.46,12.6,8.602834929718139,14.2,1,0,0,0,1,1
280,11.8,590.0,42.0,240.0,0.52,10.0,8.02158060158216,17.2,0,0,0,1,0,1
281,5.8,550.0,25.0,144.0,0.54,10.2,7.899329270230211,15.4,1,1,0,0,0,1
282,1.3,600.0,51.0,154.0,0.51,8.7,7.487938231412717,12.0,1,0,0,0,0,1
283,1.2,480.0,4.0,119.0,0.34,12.1,8.0,15.4,0,0,0,1,0,1
284,10.8,279.99999999999994,17.0,118.0,0.37,11.2,8.394564536756292,12.8,1,0,0,0,0,1
285,1.9,430.0,24.0,111.0,0.54,11.3,7.900183027904434,15.2,1,0,0,0,0,1
286,65.8,740.0000000000001,8.0,160.0,0.69,11.7,7.702895054903132,15.6,0,1,0,1,0,1
287,20.2,830.0,35.0,157.0,0.5,9.1,7.0,12.8,1,0,0,0,0,1
288,2.2,330.0,39.0,107.0,0.53,13.5,9.0,13.0,0,0,0,1,0,1
289,10.1,530.0,37.0,151.0,0.4,9.4,7.0,13.6,0,0,0,1,0,1
290,14.0,310.0,16.0,99.0,0.38,11.5,8.238497298686214,11.0,1,1,0,0,0,1
291,1.6,400.0,36.0,123.0,0.44,10.8,8.274212227065167,14.6,1,0,0,0,0,1
292,11.8,380.0,52.0,148.0,0.46,8.9,7.316190817965776,15.0,1,1,0,0,0,1
293,9.6,390.0,53.0,151.0,0.46,8.9,7.324446380975227,15.0,1,1,0,0,0,1
294,6.1,420.0,60.0,184.0,0.5,9.4,7.365985567444745,14.0,1,0,0,0,0,1
295,2.7,490.0,25.0,153.0,0.73,12.2,9.0,11.6,0,0,0,1,0,1
296,3.6,250.0,22.0,100.0,0.47,12.1,8.405491233732613,15.6,1,0,0,0,0,1
297,10.6,520.0,69.0,148.0,0.34,9.3,7.41405508423447,12.0,1,1,0,0,0,1
298,6.2,559.9999999999999,42.0,241.0,0.6,9.9,7.259639246299142,13.2,1,0,0,0,1,1
299,11.6,500.0,59.0,140.0,0.4,10.8,7.788361097577104,13.2,1,0,0,0,0,1
300,3.4,480.0,22.0,112.0,0.37,11.3,7.576285329507438,14.4,1,0,0,0,1,1
301,0.9,340.0,34.0,89.0,0.36,11.1,8.35064598042503,11.6,1,0,0,0,0,1
302,1.3,460.0,24.0,90.0,0.47,10.0,7.778186727971602,11.8,1,0,0,0,0,1
303,10.0,1689.9999999999998,22.0,210.0,0.64,9.5,7.065503142036272,15.4,1,0,0,0,1,1
304,1.0,410.0,37.0,154.0,0.43,11.9,8.115971340551427,15.8,1,0,0,0,0,1
305,5.0,270.00000000000006,46.0,143.0,0.43,11.2,8.999999999999996,13.8,0,0,0,1,0,1
306,1.25,340.0,29.0,129.0,0.6,12.0,9.0,11.2,1,1,0,0,0,1
307,1.6,279.99999999999994,12.0,90.0,0.52,12.2,8.169744507548335,10.2,1,1,0,0,0,1
308,1.0,279.99999999999994,40.0,101.0,0.59,10.6,8.000000000000005,10.6,1,1,0,0,0,1
309,1.7,370.00000000000006,20.0,84.0,0.53,11.4,8.000000000000005,13.4,1,1,0,0,0,1
310,1.6,450.0,38.0,95.0,0.94,12.4,8.517300709673965,11.6,1,0,0,0,0,1
311,1.1,290.0,24.0,88.0,0.39,11.7,8.355465150821523,11.4,0,0,0,1,0,1
312,11.1,320.0,21.0,132.0,0.39,13.0,8.469794788562037,16.8,0,0,0,1,0,1
313,4.7,410.0,40.0,148.0,0.35,10.2,7.944126463891099,13.8,1,0,0,0,0,1
314,1.4,440.00000000000006,22.0,68.0,0.5,11.7,8.234162094337504,12.8,1,1,0,0,0,1
315,9.7,540.0000000000001,67.0,234.0,0.5,9.0,6.999999999999999,13.4,1,0,0,0,1,1
316,0.8,320.0,25.0,78.0,0.38,11.1,7.868621059886946,17.2,1,1,0,0,0,1
317,1.7,730.0,40.0,157.0,0.46,9.8,7.649775831632369,15.2,0,0,0,1,0,1
318,1.1,350.00000000000006,26.0,81.0,0.52,11.4,8.000000000000002,11.4,1,0,0,0,0,1
319,2.2,279.99999999999994,36.0,92.0,0.59,11.9,8.999999999999996,13.0,1,0,0,0,0,1
320,1.2,460.0,49.0,199.0,0.38,9.3,7.594373783087637,15.4,1,1,0,0,0,1
321,1.0,410.0,22.0,81.0,0.54,11.4,8.149837855847277,13.8,1,1,0,0,0,1
322,1.0,410.0,22.0,81.0,0.54,11.4,8.149837855847277,13.8,1,1,0,0,0,1
323,2.2,190.0,15.0,65.0,0.52,11.2,8.080636017882137,11.4,1,0,0,0,0,1
324,11.9,320.0,13.0,92.0,0.46,10.8,7.9988557338728175,14.8,1,0,0,0,0,1
325,7.8,380.0,67.0,196.0,0.5,10.1,7.0,15.4,1,0,0,0,0,1
326,1.3,410.0,81.0,147.0,0.95,11.6,8.842622403010493,11.2,1,0,0,0,0,1
327,10.3,390.0,41.0,98.0,0.38,9.8,10.0,14.0,1,1,0,0,0,1
328,8.7,220.00000000000003,14.0,111.0,0.61,10.6,7.994883816951699,14.4,0,0,0,1,0,1
329,14.05,400.0,41.0,114.0,0.59,11.0,7.977252928141253,15.4,1,1,0,0,0,1
330,13.1,1119.9999999999998,14.0,94.0,0.48,9.2,7.315563547803604,13.8,0,0,0,1,0,1
331,9.6,260.0,34.0,124.0,0.35,12.1,9.058131864451605,13.6,0,0,0,1,0,1
332,11.1,330.0,30.0,97.0,0.39,10.5,8.091078228063719,17.0,1,0,0,0,0,1
333,10.55,370.00000000000006,4.0,28.0,0.32,12.7,7.932310035306253,13.8,0,0,0,1,0,1
334,0.8,340.0,32.0,111.0,0.5,12.1,8.532276238552177,13.0,0,0,0,1,0,1
335,10.9,380.0,29.0,130.0,0.44,10.5,9.0,13.2,1,0,0,0,0,1
336,1.2,340.0,26.0,111.0,0.51,11.0,8.26582641560669,12.6,1,1,0,0,0,1
337,1.1,360.00000000000006,74.0,184.0,0.41,11.0,7.999999999999998,12.4,1,1,0,0,0,1
338,4.5,320.0,58.0,178.0,0.31,12.6,9.0,10.0,1,0,0,0,0,1
339,8.25,200.0,14.0,104.0,0.44,11.4,8.0,14.4,0,0,0,1,0,1
340,11.7,290.0,3.0,46.0,0.34,11.8,7.744712869479426,16.8,0,0,0,1,0,1
341,4.6,460.0,6.0,88.0,0.48,10.6,7.748093220188338,13.6,1,0,0,0,0,1
342,11.7,350.00000000000006,44.0,150.0,0.45,10.4,7.888524674640533,14.8,0,0,0,1,0,1
343,14.8,240.0,22.0,142.0,0.48,12.0,8.320739141052288,14.2,1,0,0,0,1,1
344,14.8,240.0,22.0,142.0,0.48,12.0,8.320739141052288,14.2,1,0,0,0,1,1
345,3.5,540.0000000000001,26.0,189.0,0.58,10.4,7.5156868792138445,13.6,1,0,0,0,0,1
346,2.1,270.00000000000006,43.0,104.0,0.52,11.3,8.41414055052555,13.0,1,0,0,0,0,1
347,12.2,440.00000000000006,59.0,196.0,0.4,8.8,7.415465428514205,12.6,1,0,0,0,0,1
348,16.8,370.00000000000006,58.0,173.0,0.57,9.4,7.799117399905658,12.4,0,0,0,1,0,1
349,1.1,1540.0,46.0,114.0,0.43,9.2,7.64104684710937,14.4,1,0,0,0,0,1
350,10.2,430.0,78.0,175.0,0.43,10.4,7.938415855160035,11.2,1,0,0,0,0,1
351,7.0,460.0,58.0,176.0,0.7,10.4,7.0,12.4,1,0,0,0,0,1
352,6.1,290.0,6.0,76.0,0.5,12.5,8.62386683632885,14.0,0,0,0,1,1,1
353,1.5,420.0,23.0,87.0,0.46,12.2,8.191217161906291,12.8,1,1,0,0,0,1
354,4.9,320.0,9.0,125.0,0.81,12.0,8.034962480146502,13.2,0,0,0,1,0,1
355,7.0,460.0,58.0,176.0,0.7,10.4,7.0,12.4,1,0,0,0,0,1
356,9.9,360.00000000000006,24.0,88.0,0.42,10.5,7.974833644417912,17.0,1,0,0,0,0,1
357,9.5,410.0,38.0,201.0,0.44,10.1,7.453624660145825,12.2,1,0,0,0,0,1
358,1.5,240.0,12.0,76.0,0.39,12.3,8.13341005422686,12.6,0,0,0,1,0,1
359,2.6,300.0,33.0,78.0,0.72,11.3,8.0,13.2,1,1,0,0,0,1
360,3.2,430.0,28.0,152.0,0.53,11.4,8.0,15.2,1,0,0,0,0,1
361,2.3,450.0,40.0,118.0,0.48,11.9,8.648105312007699,14.0,1,0,0,0,0,1
362,4.9,320.0,3.0,18.0,0.54,10.0,8.0,19.4,1,0,0,0,0,1
363,10.9,380.0,25.0,84.0,0.34,10.9,8.215160473837363,14.0,1,0,0,0,0,1
364,2.3,450.0,40.0,118.0,0.48,11.9,8.648105312007699,14.0,1,0,0,0,0,1
365,2.5,470.0,20.0,130.0,0.48,11.1,7.706751964914323,15.2,1,0,0,0,0,1
366,4.5,540.0000000000001,31.0,203.0,0.57,10.4,7.59931084841662,13.8,0,0,0,1,0,1
367,1.6,430.0,24.0,129.0,0.7,10.4,7.0,15.2,1,0,0,0,0,1
368,5.5,370.00000000000006,10.0,86.0,0.44,12.2,8.092766800712807,11.0,1,1,0,0,0,1
369,2.1,430.0,10.0,98.0,0.65,11.0,7.570474480537209,15.2,0,0,0,1,0,1
370,1.5,390.0,37.0,122.0,0.43,12.0,8.298081988846622,12.2,1,0,0,0,0,1
371,2.5,470.0,30.0,148.0,0.43,12.7,8.628109461672462,13.0,0,0,0,1,0,1
372,0.9,400.0,52.0,103.0,0.39,11.2,7.989806736235693,11.2,1,1,0,0,0,1
373,6.4,420.0,34.0,115.0,0.51,10.8,8.10016621508646,13.8,1,0,0,0,0,1
374,11.9,570.0,51.0,221.0,0.51,8.9,8.0,13.2,0,0,0,1,0,1
375,7.5,270.00000000000006,12.0,88.0,0.45,14.0,8.65544364015493,11.6,0,0,0,1,0,1
376,17.2,390.0,37.0,130.0,0.43,8.8,8.0,12.4,1,0,0,0,0,1
377,7.4,200.0,38.0,133.0,0.44,12.0,9.0,13.6,0,0,0,1,0,1
378,4.8,190.0,39.0,114.0,0.49,12.7,9.0,14.2,0,0,0,1,0,1
379,8.6,380.0,37.0,125.0,0.32,12.4,9.09809298023209,13.8,0,0,0,1,0,1
380,1.0,400.0,17.0,76.0,0.56,11.4,8.211928518832378,12.4,1,1,0,0,0,1
381,6.4,550.0,42.0,123.0,0.5,11.0,8.324805198635596,14.0,1,1,0,0,0,1
382,1.0,380.0,23.0,131.0,0.45,9.8,7.0,11.0,1,1,0,0,0,1
383,1.6,450.0,39.0,164.0,0.58,10.8,8.101348457441986,13.6,1,0,0,0,0,1
384,1.7,330.0,17.0,74.0,0.48,12.3,8.145673950115533,10.4,0,0,0,1,0,1
385,3.7,450.0,57.0,151.0,0.27,11.2,8.0,11.4,1,1,0,0,0,1
386,2.5,460.0,38.0,125.0,0.5,9.9,7.912191551082933,11.4,1,0,0,0,0,1
387,6.0,350.00000000000006,44.0,141.0,0.33,12.5,8.729841667808294,13.8,1,0,0,0,0,1
388,3.3,340.0,29.0,99.0,0.4,12.3,9.0,13.2,0,0,0,1,0,1
389,2.5,590.0,37.0,115.0,0.37,9.8,7.0,15.2,1,0,0,0,0,1
390,4.5,390.0,41.0,147.0,0.4,11.1,8.51971837550062,12.8,1,0,0,0,0,1
391,14.5,450.0,39.0,193.0,0.5,9.2,8.0,14.8,1,1,0,0,0,1
392,14.5,450.0,39.0,193.0,0.5,9.2,8.0,14.8,1,1,0,0,0,1
393,3.6,300.0,36.0,92.0,0.62,12.6,8.992923680836837,13.0,1,0,0,0,0,1
394,10.5,300.0,34.0,105.0,0.42,11.8,8.544361620501084,16.2,1,0,0,0,0,1
395,1.4,390.0,40.0,129.0,0.59,10.9,8.609339165232619,12.2,1,0,0,0,0,1
396,0.9,430.0,32.0,99.0,0.47,9.8,7.20622135116475,13.0,1,0,0,0,1,1
397,9.2,610.0,42.0,214.0,0.56,9.4,7.0,13.2,0,0,0,1,0,1
398,1.8,440.00000000000006,21.0,115.0,0.38,10.2,7.000000000000004,12.8,1,1,0,0,0,1
399,2.3,510.0,20.0,127.0,0.52,12.8,8.643429529459883,13.0,0,0,0,1,0,1
400,6.4,350.00000000000006,38.0,103.0,0.23,12.2,8.499026132014924,16.0,0,0,0,1,0,1
401,1.0,430.0,10.0,80.0,0.38,11.4,7.0,15.6,1,0,0,0,0,1
402,2.3,390.0,43.0,109.0,0.44,11.8,8.2708717887343,12.6,1,0,0,0,0,1
403,8.7,290.0,31.0,105.0,0.34,12.3,8.812033923741186,13.6,0,0,0,1,0,1
404,1.9,330.0,41.0,142.0,0.42,12.8,9.0,12.0,0,0,0,1,0,1
405,1.1,360.00000000000006,31.0,96.0,0.48,12.0,8.130876005713487,11.6,1,1,0,0,0,1
406,13.55,480.0,51.0,189.0,0.6,9.5,7.7913349450969,13.8,0,0,0,1,0,1
407,15.2,460.0,6.0,41.0,0.39,10.9,8.0,14.4,1,0,0,0,0,1
408,1.1,340.0,47.0,90.0,0.38,12.6,8.0,12.0,1,0,0,0,0,1
409,1.3,330.0,12.0,72.0,0.53,11.3,7.8502970556379,14.2,1,1,0,0,0,1
410,10.6,390.0,32.0,117.0,0.55,11.5,8.559744614554639,14.0,1,0,0,0,0,1
411,4.9,460.0,50.0,156.0,0.55,11.2,8.265638759000447,12.8,1,0,0,0,0,1
412,7.8,520.0,52.0,183.0,0.65,9.5,7.534182986763151,12.2,0,0,0,1,0,1
413,7.4,370.00000000000006,25.0,95.0,0.49,11.1,8.000000000000002,11.2,0,0,0,1,0,1
414,7.8,520.0,52.0,183.0,0.65,9.5,7.534182986763151,12.2,0,0,0,1,0,1
415,11.6,320.0,34.0,214.0,0.51,9.8,8.0,14.4,0,0,0,1,0,1
416,2.1,310.0,50.0,163.0,0.43,12.7,9.0,12.2,0,0,0,1,0,1
417,20.15,600.0,30.0,145.0,0.44,8.5,7.65214984140448,15.2,1,0,0,0,0,1
418,10.05,390.0,63.0,162.0,0.5,11.2,8.428496452449071,11.6,1,0,0,0,0,1
419,1.3,370.00000000000006,30.0,86.0,0.59,12.9,8.962747084849534,12.4,1,0,0,0,0,1
420,1.1,340.0,26.0,83.0,0.33,12.3,8.223202726199368,13.0,1,0,0,0,0,1
421,5.0,350.00000000000006,14.0,97.0,0.33,11.8,8.309242906687366,11.8,1,0,0,0,0,1
422,6.0,330.0,59.0,128.0,0.71,12.1,10.0,13.2,1,1,0,0,0,1
423,6.9,380.0,23.0,89.0,0.49,11.1,8.234140975774517,11.2,0,0,0,1,0,1
424,1.9,400.0,41.0,108.0,0.45,12.9,8.57867087909419,13.6,1,1,0,0,0,1
425,10.3,470.0,54.0,219.0,0.45,8.8,7.295201450712214,13.2,1,0,0,0,0,1
426,1.1,310.0,27.0,93.0,0.34,13.2,8.48038747066796,13.2,1,1,0,0,0,1
427,12.0,559.9999999999999,68.0,143.0,0.3,9.2,7.999999999999994,15.2,1,0,0,0,0,1
428,1.1,640.0,36.0,191.0,0.5,9.5,8.0,13.0,1,0,0,0,0,1
429,1.8,370.00000000000006,39.0,150.0,0.44,11.8,8.999999999999995,15.2,0,0,0,1,0,1
430,4.7,390.0,34.0,94.0,0.57,13.1,9.083334371010839,11.8,0,0,0,1,0,1
431,7.4,410.0,7.0,81.0,0.47,11.4,8.095444392581905,13.4,1,0,0,0,0,1
432,1.0,570.0,24.0,111.0,0.32,11.2,7.859634089359818,16.0,1,0,0,0,0,1
433,8.4,420.0,42.0,123.0,0.52,10.9,8.0,13.4,1,0,0,0,0,1
434,3.0,360.00000000000006,30.0,124.0,0.4,13.1,8.545499463179919,12.2,0,0,0,1,0,1
435,14.3,540.0000000000001,30.0,181.0,0.57,9.1,7.000000000000017,13.4,1,0,0,0,0,1
436,1.4,290.0,29.0,133.0,0.64,11.5,8.364791915621579,13.0,1,1,0,0,0,1
437,4.9,420.0,21.0,155.0,0.57,10.9,7.945515663744953,15.0,0,0,0,1,0,1
438,2.4,360.00000000000006,35.0,115.0,0.44,13.5,8.665461971053768,14.2,0,0,0,1,0,1
439,10.7,460.0,66.0,179.0,0.55,9.9,7.794119611806143,12.8,1,0,0,0,0,1
440,11.0,410.0,75.0,167.0,0.56,10.5,7.919148549551019,14.0,1,0,0,0,0,1
441,7.5,380.0,46.0,132.0,0.43,13.4,8.821878549387803,13.8,0,0,0,1,0,1
442,6.3,279.99999999999994,40.0,132.0,0.4,11.6,8.603533893697877,10.6,0,0,0,1,0,1
443,6.3,279.99999999999994,40.0,132.0,0.4,11.6,8.603533893697877,10.6,0,0,0,1,0,1
444,8.6,530.0,65.0,146.0,0.32,9.8,7.732758657252954,15.2,1,0,0,0,0,1
445,3.1,340.0,28.0,134.0,0.38,13.1,8.709990038457477,14.2,0,0,0,1,0,1
446,6.4,360.00000000000006,17.0,85.0,0.78,11.7,8.127346685927257,14.4,1,0,0,0,0,1
447,7.2,460.0,45.0,178.0,0.53,9.7,7.0,14.4,0,0,0,1,0,1
448,1.2,310.0,27.0,80.0,0.33,12.7,8.44589327728097,14.4,1,0,0,0,0,1
449,3.4,240.0,27.0,99.0,0.37,13.0,8.750420169019664,15.6,1,0,0,0,0,1
450,1.8,310.0,49.0,159.0,0.53,11.0,8.0,12.0,0,0,0,1,0,1
451,19.9,390.0,69.0,237.0,0.48,9.2,7.652274436512631,14.6,1,0,0,0,0,1
452,16.65,440.00000000000006,39.0,110.0,0.48,9.0,8.0,11.4,1,0,0,0,0,1
453,0.9,230.0,49.0,87.0,0.36,11.1,8.0,16.2,1,0,0,0,0,1
454,4.2,290.0,7.0,112.0,0.41,12.6,8.223256820995243,15.2,0,0,0,1,0,1
455,9.7,360.00000000000006,15.0,85.0,0.36,11.2,7.999999999999998,16.0,1,0,0,0,0,1
456,4.2,290.0,7.0,112.0,0.41,12.6,8.223256820995243,15.2,0,0,0,1,0,1
457,14.6,480.0,35.0,161.0,0.56,10.6,7.743557000808337,14.8,1,0,0,0,0,1
458,17.5,420.0,21.0,114.0,0.5,9.5,8.0,13.6,1,1,0,0,0,1
459,17.5,420.0,21.0,114.0,0.5,9.5,8.0,13.6,1,1,0,0,0,1
460,4.2,440.00000000000006,52.0,158.0,0.44,10.7,8.510116027437109,11.2,1,0,0,0,0,1
461,1.1,340.0,55.0,108.0,0.52,11.9,8.34508311960838,13.2,1,1,0,0,0,1
462,1.4,330.0,65.0,169.0,0.56,12.3,8.543997444382502,11.6,1,0,0,0,0,1
463,1.8,460.0,31.0,114.0,0.55,10.8,8.286821991456517,13.6,1,1,0,0,0,1
464,1.2,370.00000000000006,11.0,95.0,0.36,12.5,8.000000000000004,14.4,1,0,0,0,0,1
465,26.05,310.0,27.0,122.0,0.42,10.6,7.854137169557639,13.6,1,0,0,0,1,1
466,4.7,400.0,108.0,168.0,0.75,10.7,8.349467264623824,12.6,1,0,0,0,0,1
467,26.05,310.0,27.0,122.0,0.42,10.6,7.854137169557639,13.6,1,0,0,0,1,1
468,0.9,410.0,20.0,117.0,0.5,11.4,7.0,14.0,1,0,0,0,0,1
469,5.7,1180.0,61.0,172.0,0.43,9.5,7.546202138539864,12.8,0,0,0,1,0,1
470,2.4,139.99999999999997,34.0,89.0,0.66,12.5,8.877629392385073,12.8,1,0,0,0,0,1
471,4.9,470.0,42.0,130.0,0.56,11.0,8.0,13.6,1,1,0,0,0,1
472,2.7,360.00000000000006,34.0,128.0,0.53,13.2,9.999999999999993,10.8,0,0,0,1,1,1
473,11.0,300.0,2.0,82.0,0.36,11.2,7.958491604862721,13.0,1,0,0,0,0,1
474,18.8,850.0000000000001,19.0,111.0,0.51,8.7,7.000000000000009,14.4,1,0,0,0,0,1
475,9.6,370.00000000000006,19.0,105.0,0.37,10.5,8.177548185049288,14.2,1,0,0,0,0,1
476,12.9,440.00000000000006,79.5,183.0,0.78,10.2,8.0,13.6,1,1,0,0,0,1
477,1.6,869.9999999999999,27.0,177.0,0.5,9.8,6.9999999999999964,15.2,0,0,0,1,0,1
478,12.0,300.0,39.0,98.0,0.34,10.8,8.194306201169734,12.0,1,1,0,0,0,1
479,2.5,400.0,41.0,186.0,0.56,12.5,8.28164243236371,14.2,1,0,0,0,0,1
480,4.4,270.00000000000006,37.0,150.0,0.31,11.5,8.57216153912923,11.2,1,0,0,0,0,1
481,1.2,360.00000000000006,32.0,96.0,0.74,11.6,8.348279876198063,12.6,1,0,0,0,0,1
482,1.5,760.0,24.0,145.0,0.52,10.1,7.430776289141769,14.0,0,0,0,1,0,1
483,10.4,490.0,45.0,190.0,0.51,8.8,7.240334637780941,13.2,1,0,0,0,0,1
484,8.0,380.0,54.0,200.0,0.48,9.5,7.34780362825141,13.2,0,0,0,1,0,1
485,6.9,360.00000000000006,46.0,150.0,0.44,10.8,8.999999999999993,11.4,1,0,0,0,0,1
486,10.3,410.0,51.0,166.0,0.35,11.6,8.276249943788683,14.0,0,0,0,1,0,1
487,1.4,340.0,18.0,135.0,0.35,10.2,7.805077500383455,11.2,1,0,0,0,0,1
488,14.7,510.0,29.0,149.0,0.39,9.0,9.0,14.0,1,1,0,0,0,1
489,1.8,400.0,45.0,121.0,0.4,11.9,8.439832971119724,14.8,1,0,0,0,0,1
490,12.5,550.0,47.0,134.0,0.51,9.0,7.747670790056423,12.4,1,0,0,0,0,1
491,7.4,150.0,47.0,124.0,0.39,11.0,8.0,15.6,1,1,0,0,0,1
492,6.1,250.0,10.0,40.0,0.52,10.9,8.0981897918817,14.8,1,0,0,0,0,1
493,2.1,260.0,29.0,130.0,0.77,13.4,10.0,10.8,1,0,0,0,1,1
494,9.8,420.0,61.0,125.0,0.42,10.2,7.837727816387477,12.2,1,0,0,0,0,1
495,6.1,180.00000000000003,41.0,103.0,0.32,12.2,8.0,13.0,0,0,0,1,0,1
496,1.4,220.00000000000003,38.0,100.0,0.57,11.4,8.47384196825046,12.6,1,1,0,0,0,1
497,9.2,180.00000000000003,23.0,96.0,0.29,11.0,8.213373700354536,15.2,1,0,0,0,0,1
498,8.2,470.0,52.0,191.0,0.47,9.5,7.281277107356158,13.2,1,0,0,0,0,1
499,8.0,510.0,46.0,197.0,0.47,9.5,7.202904731949341,13.0,1,0,0,0,0,1
500,1.3,360.00000000000006,7.0,49.0,0.73,10.3,6.999999999999995,16.2,1,0,0,0,0,1
501,10.7,980.0,13.0,91.0,0.47,9.3,7.0,14.0,0,0,0,1,0,1
502,2.0,570.0,21.0,138.0,0.52,10.9,7.0,15.8,1,0,0,0,0,1
503,2.2,420.0,21.0,177.0,0.57,11.4,7.0,14.0,0,0,0,1,0,1
504,8.8,420.0,18.0,106.0,0.33,12.9,8.682036180624115,12.6,1,0,0,0,1,1
505,8.8,450.0,28.0,131.0,0.59,9.9,7.1597979229797515,13.6,1,0,0,0,1,1
506,3.7,390.0,34.0,132.0,0.38,10.7,8.214428498435623,12.6,0,0,0,1,0,1
507,9.0,230.0,20.0,109.0,0.35,12.6,8.0,13.4,1,0,0,0,0,1
508,3.1,300.0,32.0,123.0,0.33,13.7,8.640722402244183,11.8,1,1,0,0,0,1
509,4.6,310.0,26.0,120.0,0.73,12.5,8.763952815537726,13.2,0,0,0,1,0,1
510,2.7,490.0,28.0,104.0,0.55,10.3,8.013192569692261,10.8,1,1,0,0,0,1
511,4.8,400.0,41.0,101.0,0.56,13.1,9.079533355454346,12.0,0,0,0,1,0,1
512,11.1,559.9999999999999,112.0,177.0,0.36,9.4,7.658468575249899,12.0,1,0,0,0,0,1
513,10.2,690.0000000000001,58.0,170.0,0.49,9.4,7.267663617782641,13.0,0,0,0,1,0,1
514,7.4,450.0,34.0,143.0,0.55,12.2,8.0,13.6,0,0,0,1,0,1
515,17.8,470.0,42.0,111.0,0.45,8.9,8.0,12.0,1,0,0,0,0,1
516,12.1,460.0,43.0,127.0,0.37,10.8,7.908260576139414,12.4,1,0,0,0,0,1
517,8.2,430.0,28.0,98.0,0.31,11.4,8.624667235341246,12.8,0,0,0,1,0,1
518,1.5,490.0,28.0,129.0,0.52,10.8,7.0,14.2,1,0,0,0,0,1
519,6.4,310.0,21.0,134.0,0.46,12.2,8.631063560554606,11.8,1,0,0,0,1,1
520,7.7,380.0,40.0,179.0,0.56,10.4,8.041545888255577,13.4,1,0,0,0,0,1
521,12.3,350.00000000000006,72.0,172.0,0.57,10.4,7.8762381371253785,14.0,1,0,0,0,0,1
522,1.1,130.0,4.0,10.0,0.36,13.5,8.065744523845298,9.6,1,1,0,0,1,1
523,2.8,1440.0000000000002,12.0,65.0,0.64,11.4,7.5168090267739744,12.2,1,0,0,0,0,1
524,1.9,360.00000000000006,33.0,106.0,0.83,14.0,8.765223345618699,10.0,1,0,0,0,1,1
525,6.2,400.0,49.0,139.0,0.27,13.6,8.0,14.2,0,0,0,1,0,1
526,1.6,370.00000000000006,31.0,113.0,0.4,14.2,8.658617486301727,12.8,0,0,0,1,0,1
527,1.4,350.00000000000006,28.0,107.0,0.4,13.2,8.380396188439809,13.2,0,0,0,1,0,1
528,14.8,570.0,46.0,173.0,0.57,10.2,7.617769015027571,14.6,0,0,0,1,0,1
529,2.4,380.0,30.0,83.0,0.36,12.8,9.0,13.4,0,0,0,1,0,1
530,6.7,1850.0,51.5,151.0,0.42,9.3,7.55459987979447,13.0,0,0,0,1,0,1
531,1.0,680.0,32.0,143.0,0.4,10.1,7.0,9.8,0,0,0,1,0,1
532,5.8,320.0,40.0,118.0,0.53,13.0,8.888683153468822,14.4,0,0,0,1,1,1
533,2.8,340.0,33.0,125.0,0.49,10.4,8.259159749593678,12.8,1,1,0,0,0,1
534,2.8,340.0,33.0,125.0,0.49,10.4,8.259159749593678,12.8,1,1,0,0,0,1
535,12.1,350.00000000000006,54.0,135.0,0.4,10.7,7.855027928608363,12.2,1,0,0,0,0,1
536,4.5,360.00000000000006,81.0,157.0,0.76,10.7,8.238996270236512,12.6,1,0,0,0,0,1
537,14.6,480.0,73.0,223.0,0.71,9.4,7.460013382367811,14.6,1,0,0,0,0,1
538,8.6,440.00000000000006,45.0,104.0,0.37,9.9,8.000000000000002,13.6,1,1,0,0,0,1
539,14.6,480.0,73.0,223.0,0.71,9.4,7.460013382367811,14.6,1,0,0,0,0,1
540,4.7,380.0,3.0,127.0,0.72,12.1,7.80327368099217,16.0,0,0,0,1,0,1
541,3.1,410.0,37.0,144.0,0.39,12.8,9.0,12.0,1,0,0,0,0,1
542,5.9,540.0000000000001,40.0,152.0,0.57,10.8,8.050641931554573,13.6,1,0,0,0,0,1
543,5.8,530.0,25.0,120.0,0.98,10.5,8.0,12.8,1,0,0,0,0,1
544,18.0,540.0000000000001,56.0,183.0,0.61,8.5,7.823497085562877,13.0,1,1,0,0,0,1
545,1.0,600.0,15.0,120.0,0.41,9.5,7.189161527818269,12.8,1,0,0,0,0,1
546,1.0,600.0,15.0,120.0,0.41,9.5,7.189161527818269,12.8,1,0,0,0,0,1
547,4.4,330.0,8.0,109.0,0.47,12.4,8.03839821129943,12.2,1,1,1,0,0,1
548,1.3,340.0,32.0,98.0,0.58,11.3,8.0,13.6,1,1,0,0,0,1
549,17.55,500.0,33.0,154.0,0.43,9.0,9.0,14.4,1,1,0,0,0,1
550,8.0,480.0,41.0,162.0,0.51,9.9,7.441931188058903,12.2,1,0,0,0,0,1
551,9.6,500.0,33.0,134.0,0.46,10.4,8.074115693398895,14.8,0,0,0,1,0,1
552,1.5,440.00000000000006,21.0,110.0,0.57,11.0,8.140041313988306,11.6,1,0,0,0,0,1
553,8.6,460.0,37.0,142.0,0.53,10.6,7.857980176095599,11.8,1,0,0,0,0,1
554,3.8,470.0,16.0,79.0,0.46,11.3,8.03033571954614,14.6,1,0,0,0,0,1
555,10.7,1100.0,20.0,103.0,0.41,9.0,8.0,13.2,1,0,0,0,1,1
556,7.9,570.0,21.0,82.0,0.36,10.0,8.0,12.8,1,1,0,0,0,1
557,14.2,370.00000000000006,24.0,99.0,0.38,10.6,8.358038821904316,12.6,1,0,0,0,0,1
558,9.5,570.0,54.0,166.0,0.42,10.0,7.0,13.8,0,0,0,1,0,1
559,1.4,390.0,36.0,122.0,0.47,11.1,8.32757117505215,13.8,0,0,0,1,0,1
560,20.3,370.00000000000006,45.0,150.0,0.38,12.3,8.140715398322753,13.6,0,0,0,1,0,1
561,2.7,430.0,46.0,153.0,0.76,11.3,8.412711138394869,10.0,1,0,0,0,0,1
562,3.5,460.0,22.0,147.0,0.31,12.0,8.392102762546514,13.0,1,0,0,0,1,1
563,12.1,490.0,48.0,122.0,0.44,9.0,8.119187620262307,14.8,1,0,0,0,0,1
564,17.45,540.0000000000001,42.0,151.0,0.6,9.3,7.447590513230862,12.6,1,0,0,0,0,1
565,12.1,590.0,33.0,171.0,0.56,8.7,7.952828636530566,12.4,0,0,0,1,0,1
566,8.6,480.0,47.0,206.0,0.36,9.1,7.0,14.8,0,0,0,1,0,1
567,8.6,480.0,47.0,206.0,0.36,9.1,7.0,14.8,0,0,0,1,0,1
568,11.9,520.0,54.0,160.0,0.58,10.4,7.929049044990112,13.6,1,0,0,0,0,1
569,15.0,550.0,8.0,120.0,0.53,9.6,7.374427698434915,12.4,1,0,0,0,0,1
570,15.0,550.0,8.0,120.0,0.53,9.6,7.374427698434915,12.4,1,0,0,0,0,1
571,13.7,559.9999999999999,33.0,168.0,0.44,8.7,8.999999999999996,14.8,1,1,0,0,0,1
572,13.7,559.9999999999999,33.0,168.0,0.44,8.7,8.999999999999996,14.8,1,1,0,0,0,1
573,3.2,490.0,68.0,161.0,0.69,10.2,8.06049834877022,13.6,1,0,0,0,0,1
574,15.4,520.0,81.0,198.0,0.69,9.4,7.0,13.8,1,0,0,0,0,1
575,1.4,400.0,14.0,63.0,0.33,12.0,7.949514624477624,14.0,1,0,0,0,0,1
576,6.5,440.00000000000006,28.0,100.0,0.33,10.2,7.999999999999999,13.4,1,0,0,0,0,1
577,12.9,490.0,63.0,139.0,0.45,9.1,7.430592998264872,15.8,0,0,0,1,0,1
578,11.8,410.0,32.0,193.0,0.49,10.0,8.01200664395989,14.2,0,0,0,1,0,1
579,4.6,410.0,31.0,180.0,0.74,12.2,8.184198934224138,16.0,0,0,0,1,0,1
580,12.1,559.9999999999999,68.0,210.0,0.5,9.5,7.000000000000003,14.0,1,0,0,0,1,1
581,1.1,290.0,6.0,51.0,0.48,11.2,7.050032174422501,10.6,1,0,0,0,1,1
582,6.5,290.0,26.0,87.0,0.44,12.5,8.338641509567797,10.8,1,0,0,0,0,1
583,2.5,660.0,29.0,89.0,0.42,12.7,8.284015958205227,15.0,0,0,0,1,0,1
584,1.2,300.0,27.0,80.0,0.68,10.5,7.989784805164449,15.0,1,0,0,0,0,1
585,1.8,410.0,38.0,90.0,0.98,11.9,8.36464189500143,11.4,1,0,0,0,0,1
586,4.2,370.00000000000006,69.0,144.0,0.74,10.8,8.383988413838338,11.8,1,0,0,0,0,1
587,13.5,380.0,44.0,116.0,0.48,9.2,7.910584891895343,15.2,0,0,0,1,0,1
588,1.6,400.0,26.0,114.0,0.45,11.4,8.070516212876663,11.8,1,1,0,0,0,1
589,2.2,440.00000000000006,39.0,161.0,0.43,10.4,7.859366670062615,11.0,1,0,0,0,0,1
590,5.25,380.0,44.0,145.0,0.4,11.2,8.52410894532682,12.4,0,0,0,1,0,1
591,8.0,360.00000000000006,19.0,164.0,0.46,12.2,8.472334237356066,14.0,0,0,0,1,1,1
592,5.25,380.0,44.0,145.0,0.4,11.2,8.52410894532682,12.4,0,0,0,1,0,1
593,2.3,440.00000000000006,20.0,117.0,0.41,12.7,8.50077914223534,12.0,1,0,0,0,0,1
594,17.8,590.0,23.0,124.0,0.5,10.1,7.0,11.4,1,0,0,0,0,1
595,8.9,1050.0,22.0,155.0,0.58,9.5,7.725263998330947,14.4,0,0,0,1,0,1
596,7.4,440.00000000000006,21.0,113.0,0.58,10.5,8.039752981383401,11.8,1,0,0,0,0,1
597,11.5,500.0,51.0,133.0,0.37,10.8,7.762412748036009,12.2,1,0,0,0,0,1
598,1.6,390.0,36.0,116.0,0.57,11.0,8.565766386428209,13.0,1,0,0,0,0,1
599,4.8,380.0,16.0,121.0,0.71,12.6,8.531068913245058,13.2,0,0,0,1,0,1
600,4.2,430.0,33.0,114.0,0.31,12.5,8.0,13.8,1,0,0,0,0,1
601,5.4,350.00000000000006,33.0,115.0,0.44,12.8933333333333,8.999999977082716,13.4,1,0,0,0,1,1
602,1.0,430.0,45.0,100.0,0.41,11.4,8.30528416987352,11.8,1,0,0,0,0,1
603,13.9,570.0,45.0,155.0,0.41,8.8,10.0,14.6,1,1,0,0,0,1
604,2.0,440.00000000000006,15.0,96.0,0.64,10.4,7.715557491380214,13.6,1,0,0,0,0,1
605,3.2,340.0,21.0,107.0,0.54,11.1,8.064457126268803,14.2,1,0,0,0,0,1
606,7.5,500.0,44.0,179.0,0.48,9.53333333333333,7.162690968661702,13.0,1,0,0,0,0,1
607,5.8,620.0,52.0,203.0,0.44,9.8,7.401489960104362,14.4,0,0,0,1,0,1
608,11.2,480.0,32.0,136.0,0.4,9.5,7.0,14.2,0,0,0,1,0,1
609,9.65,410.0,36.0,119.0,0.34,10.933333333333302,8.000000034755029,12.8,1,0,0,0,0,1
610,3.5,380.0,23.0,112.0,0.37,11.3666666666667,8.156096213483186,14.2,1,0,0,0,0,1
611,7.3,500.0,33.0,143.0,0.5,11.066666666666698,7.920411929458888,11.4,0,0,0,1,0,1
612,5.0,430.0,54.0,170.0,0.52,11.0,8.250550697926858,12.0,1,0,0,0,0,1
613,1.2,390.0,34.0,97.0,0.75,11.2,8.456577407279893,14.2,1,0,0,0,0,1
614,9.5,400.0,30.0,111.0,0.31,10.8,8.131670080737967,12.6,1,0,0,0,0,1
615,15.8,570.0,39.0,167.0,0.51,9.2,7.0,12.4,1,0,0,0,0,1
616,11.8,530.0,55.0,173.0,0.6,9.8,7.0,14.8,1,0,0,0,0,1
617,11.8,530.0,55.0,173.0,0.6,9.8,7.0,14.8,1,0,0,0,0,1
618,2.2,400.0,24.0,125.0,0.48,10.5,8.0,12.4,1,0,0,0,0,1
619,17.3,470.0,37.0,118.0,0.46,8.8,8.0,13.2,1,0,0,0,0,1
620,17.3,470.0,37.0,118.0,0.46,8.8,8.0,13.2,1,0,0,0,0,1
621,6.5,470.0,28.0,123.0,0.49,9.9,7.837485491670573,12.4,1,0,0,0,0,1
622,2.8,420.0,59.5,162.0,0.47,10.8,7.89214560438457,12.2,0,0,0,1,0,1
623,2.8,430.0,17.0,67.0,0.47,13.2,8.255880125165723,13.2,0,0,0,1,0,1
624,10.9,600.0,55.0,193.0,0.44,9.4,7.2673432594464975,13.8,0,0,0,1,1,1
625,9.15,510.0,25.0,166.0,0.56,11.333333333333302,7.9829290417732715,13.0,1,0,0,0,0,1
626,16.4,510.0,20.0,146.0,0.54,9.1,7.403100189105455,13.4,0,0,0,1,0,1
627,16.4,510.0,20.0,146.0,0.54,9.1,7.403100189105455,13.4,0,0,0,1,0,1
628,19.3,510.0,36.0,174.0,0.5,9.0,7.0,12.0,1,0,0,0,0,1
629,2.1,420.0,35.0,100.0,0.63,10.9,8.831733305878908,12.8,1,0,0,0,0,1
630,1.0,420.0,35.0,90.0,0.49,11.3,8.29788795540253,9.4,1,1,0,0,0,1
631,1.9,360.00000000000006,37.0,110.0,0.58,12.4,8.564823436596498,11.4,1,0,0,0,0,1
632,1.2,580.0,7.0,108.0,0.58,9.55,7.4427740821654504,11.6,1,0,0,0,0,1
633,4.5,530.0,17.0,126.0,0.46,9.1,7.088337705035036,11.6,0,0,0,1,1,1
634,2.0,330.0,12.0,74.0,0.65,12.5,8.583903948271102,13.4,0,0,0,1,0,1
635,1.3,610.0,14.0,100.0,0.55,9.5,7.307790953607144,13.4,1,0,0,0,0,1
636,1.1,340.0,24.0,110.0,0.4,12.5,8.0,12.2,1,0,0,0,0,1
637,9.0,510.0,28.5,259.0,0.5,8.8,7.359192769528677,12.2,1,0,0,0,1,1
638,12.7,580.0,24.0,183.0,0.42,11.7,8.0,11.6,1,1,0,0,0,1
639,1.3,559.9999999999999,35.0,121.0,0.33,11.4,8.159461015812782,11.6,1,1,0,0,0,1
640,9.1,370.00000000000006,16.0,76.0,0.54,11.1,7.000000000000007,13.8,1,0,0,0,0,1
641,14.7,470.0,51.0,183.0,0.6,10.5,7.430983476266668,12.8,1,0,0,0,1,1
642,3.9,260.0,36.0,105.0,0.58,12.75,8.610823313033059,11.4,1,0,0,0,0,1
643,9.3,400.0,22.0,110.0,0.54,10.7,8.168081794891641,13.8,1,0,0,0,0,1
644,1.1,290.0,12.0,83.0,0.4,11.4,8.038352209772992,11.6,1,0,0,0,0,1
645,1.2,420.0,40.0,98.0,0.64,11.8,8.284856590575568,9.6,1,1,0,0,0,1
646,11.8,300.0,23.0,158.0,0.64,11.8,8.157916036145032,10.0,0,0,0,1,0,1
647,10.0,350.00000000000006,22.0,108.0,0.36,11.6,8.150735255890032,16.0,0,0,0,1,0,1
648,2.2,350.00000000000006,26.0,129.0,0.47,12.9,8.676897762007279,11.6,1,0,0,0,1,1
649,6.9,300.0,45.0,116.0,0.54,11.0,8.320416085362092,13.8,1,0,0,0,0,1
650,2.0,360.00000000000006,23.0,129.0,0.77,13.4,8.744159088823087,10.4,0,0,0,1,1,1
651,6.65,340.0,6.0,158.0,0.48,11.2,7.373591405137875,16.6,1,0,0,0,1,1
652,10.7,380.0,49.0,136.0,0.59,11.2,8.356384794017991,11.6,1,0,0,0,0,1
653,1.2,350.00000000000006,43.0,126.0,0.63,11.4,8.640595333169543,13.2,1,0,0,0,0,1
654,1.3,300.0,25.0,98.0,0.43,12.4,8.265303133771871,11.4,1,0,0,0,0,1
655,3.4,350.00000000000006,40.0,122.0,0.47,12.3,8.58608903904212,13.6,1,0,0,0,0,1
656,6.8,420.0,9.0,84.0,0.44,10.2,6.977632751273171,11.4,1,1,0,0,1,1
657,2.5,350.00000000000006,18.0,73.0,0.47,12.8,8.272305301151276,12.6,0,0,0,1,0,1
658,8.2,279.99999999999994,44.0,111.0,0.41,12.4,8.000000000000004,14.6,1,1,0,0,0,1
659,6.1,340.0,31.0,114.0,0.58,10.15,8.62416515861269,12.2,1,1,0,0,0,1
660,6.0,360.00000000000006,30.0,111.0,0.58,10.15,8.62036575751701,12.0,1,1,0,0,0,1
661,11.4,350.00000000000006,57.0,137.0,0.54,8.9,8.0,13.2,1,0,0,0,0,1
662,0.7,270.00000000000006,15.0,66.0,0.31,11.8,7.88329609261409,13.6,0,0,0,1,0,1
663,10.4,620.0,23.0,114.0,0.49,10.5,8.190366254292012,14.4,1,0,0,0,0,1
664,12.5,350.00000000000006,18.0,156.0,0.36,9.0,8.0,13.4,1,1,0,0,0,1
665,12.5,350.00000000000006,18.0,156.0,0.36,9.0,8.0,13.4,1,1,0,0,0,1
666,7.6,440.00000000000006,34.0,144.0,0.38,10.1,7.999999999999999,12.8,1,1,0,0,1,1
667,1.4,370.00000000000006,36.0,83.0,0.42,10.9,8.405365951124944,11.8,1,1,0,0,0,1
668,12.55,510.0,31.0,115.0,0.38,10.8,8.236649249225723,11.2,1,0,0,0,0,1
669,2.6,330.0,10.0,69.0,0.59,10.8,8.202984367653325,11.0,0,0,0,1,0,1
670,1.3,440.00000000000006,18.0,93.0,0.56,12.25,8.478003486129696,13.2,1,0,0,0,0,1
671,10.7,360.00000000000006,27.0,98.0,0.52,10.2,8.000000000000004,12.2,0,0,0,1,0,1
672,1.7,420.0,14.0,61.0,0.54,10.8,8.08019578108176,12.0,1,1,0,0,0,1
673,3.6,350.00000000000006,36.0,133.0,0.46,10.8,8.189533924271943,12.0,1,0,0,0,0,1
674,2.9,470.0,289.0,440.0,0.64,10.5,7.531777039823878,12.2,1,0,0,0,0,1
675,1.3,350.00000000000006,40.0,78.0,0.64,12.1,8.427083576196955,10.2,1,0,0,0,0,1
676,2.2,270.00000000000006,21.0,92.0,0.48,12.4,8.181468081906155,13.2,1,0,0,0,0,1
677,3.5,350.00000000000006,38.0,111.0,0.47,13.6,8.999999999999995,12.0,0,0,0,1,0,1
678,13.0,470.0,69.0,160.0,0.5,9.6,8.0,13.6,1,0,0,0,0,1
679,2.0,340.0,31.0,102.0,0.56,12.3,8.58849555840541,11.8,1,0,0,0,0,1
680,12.1,450.0,38.0,127.0,0.53,8.9,8.0,13.4,0,0,0,1,0,1
681,1.1,390.0,45.0,126.0,0.45,11.6,8.26020279949017,12.0,1,0,0,0,0,1
682,0.9,330.0,9.0,65.0,0.35,12.1,8.025871531562592,12.0,0,0,0,1,0,1
683,10.9,510.0,37.0,131.0,0.62,9.5,7.910665777757157,13.2,1,0,0,0,0,1
684,3.2,410.0,18.0,120.0,0.94,13.7,8.435029708625263,12.4,0,1,0,0,1,1
685,3.7,310.0,38.0,122.0,0.63,11.2,8.543074504981785,11.6,0,0,0,1,0,1
686,5.1,260.0,17.0,113.0,0.67,12.4,8.0,11.4,1,0,0,0,1,1
687,1.0,1270.0,63.0,178.0,0.45,9.7,7.0,11.6,0,0,0,1,0,1
688,1.3,430.0,18.0,131.0,0.45,11.0,7.925593816925156,14.0,1,0,0,0,0,1
689,10.3,420.0,54.0,140.0,0.47,9.2,7.487217298638187,12.8,1,0,0,0,0,1
690,10.3,420.0,54.0,140.0,0.47,9.2,7.487217298638187,12.8,1,0,0,0,0,1
691,1.1,350.00000000000006,40.0,102.0,0.56,10.6,8.316982496672372,11.2,1,0,0,0,0,1
692,7.4,380.0,28.0,114.0,0.51,11.0,8.063966296680645,10.6,1,0,0,0,0,1
693,8.9,550.0,52.0,164.0,0.48,9.6,7.0,12.8,0,0,0,1,0,1
694,3.9,410.0,22.0,79.0,0.59,12.066666666666698,8.627922166905053,12.4,0,0,0,1,0,1
695,1.4,310.0,3.0,60.0,0.38,13.0,8.250431393890553,10.6,1,1,0,0,1,1
696,10.1,320.0,8.0,81.0,0.51,9.8,7.794450359100305,13.2,1,0,0,0,0,1
697,1.9,150.0,20.0,98.0,0.55,12.05,8.204705827195609,10.0,1,0,0,0,0,1
698,2.5,380.0,34.0,117.0,0.59,11.6,8.532877964802179,12.4,0,0,0,1,0,1
699,0.8,320.0,12.0,82.0,0.36,8.8,6.89194747613758,11.8,0,0,0,1,1,1
700,8.1,460.0,68.0,170.0,0.5,9.53333333333333,7.9999999921097436,13.2,0,0,0,1,0,1
701,1.9,350.00000000000006,60.0,148.0,0.35,11.5,8.24260152621079,9.8,1,0,0,0,1,1
702,8.1,460.0,68.0,170.0,0.5,9.55,7.755661341571153,13.2,0,0,0,1,0,1
703,5.7,279.99999999999994,45.0,121.0,1.08,12.15,8.318317802988123,12.4,1,0,0,0,0,1
704,2.2,360.00000000000006,25.0,100.0,0.44,11.8,8.158278362727378,12.2,0,0,0,1,0,1
705,1.1,220.00000000000003,20.0,110.0,0.38,12.8,8.454670375779104,11.0,1,0,0,0,0,1
706,3.8,1760.0000000000002,52.0,145.0,0.88,9.2,5.032826759444266,17.8,1,1,0,0,1,0
707,1.8,800.0,4.0,11.0,0.59,9.5,5.283250338932527,15.2,1,0,0,0,1,0
708,2.4,890.0000000000001,17.0,82.0,0.54,10.1,5.2892483841924065,13.4,1,1,0,0,1,0
709,2.1,680.0,6.0,14.0,0.64,9.4,5.2728130444670445,13.2,0,0,0,1,1,0
710,2.1,840.0,11.0,50.0,0.61,10.2,5.54651785078993,16.6,1,1,0,0,1,0
711,2.4,670.0,10.0,42.0,0.59,9.5,5.0,17.6,1,1,0,0,1,0
712,1.6,890.0000000000001,14.0,37.0,0.56,9.2,5.278324068328083,14.0,1,0,0,0,1,0
713,1.8,690.0000000000001,26.0,120.0,0.53,9.3,5.160233709458035,15.6,0,0,0,1,1,0
714,2.0,1010.0,13.0,49.0,0.57,11.0,5.584666114275915,17.4,1,1,0,0,1,0
715,2.6,730.0,29.0,63.0,0.58,10.5,6.0,15.4,1,0,0,0,1,0
716,2.4,980.0,5.0,16.0,0.6,10.1,5.028909041675208,13.8,0,0,0,1,0,0
717,1.7,620.0,9.0,30.0,0.53,9.5,5.102754275871255,14.8,1,0,0,0,0,0
718,4.5,1070.0,5.0,13.0,0.83,11.5,6.31173929341273,20.6,1,0,0,0,1,0
719,2.0,610.0,7.0,15.0,0.62,9.5,5.378549248226264,21.4,1,0,0,0,1,0
720,3.2,660.0,21.0,114.0,0.54,9.4,5.220529369003486,16.0,0,0,0,1,1,0
721,2.4,660.0,10.0,21.0,1.18,9.2,6.162472445399933,24.4,0,0,0,1,0,0
722,3.0,930.0,6.0,15.0,0.93,12.0,6.033773196081477,27.6,1,0,0,0,1,0
723,2.95,1160.0,12.0,29.0,0.75,11.7,6.154923812818273,21.0,1,0,0,0,1,0
724,2.0,1119.9999999999998,13.0,95.0,0.54,9.1,5.096203392678144,16.8,1,1,0,0,1,0
725,2.6,869.9999999999999,13.0,49.0,0.65,11.0,5.999999999999993,23.0,0,0,0,1,1,0
726,3.7,1739.9999999999998,6.0,16.0,0.7,11.3,6.1230450200893864,20.8,0,0,0,1,0,0
727,3.2,760.0,22.0,54.0,0.89,9.9,6.0,20.8,1,0,0,0,1,0
728,2.2,720.0000000000001,6.0,29.0,0.82,9.8,6.120623017618418,25.2,0,0,0,1,0,0
729,1.2,700.0000000000001,36.0,48.0,0.58,9.8,5.282214743184272,17.4,1,0,1,0,0,0
730,15.5,690.0000000000001,6.0,23.0,0.66,9.2,5.624517206972462,21.2,1,0,0,0,0,0
731,3.0,859.9999999999999,23.0,81.0,0.74,11.6,5.999999999999997,17.4,1,1,0,0,1,0
732,1.9,780.0,6.0,24.0,1.04,10.9,6.588416007867653,21.0,1,0,0,0,0,0
733,4.6,730.0,19.0,43.0,0.61,9.5,5.5205596639871235,24.8,1,0,0,0,1,0
734,6.3,640.0,5.0,17.0,0.73,11.0,6.1357304538463335,19.0,1,0,0,0,1,0
735,3.3,920.0,26.0,52.0,0.53,10.5,5.3749707387064545,17.6,1,0,0,0,1,0
736,2.2,790.0,14.0,28.0,0.93,9.8,6.108637063723402,23.0,0,0,0,1,0,0
737,2.3,709.9999999999999,16.0,40.0,0.62,9.4,5.0000000000000036,19.8,0,0,0,1,1,0
738,2.1,709.9999999999999,5.0,19.0,0.62,10.8,6.227720613120044,23.6,0,0,0,1,0,0
739,2.6,780.0,21.0,77.0,0.51,9.8,5.212923341990852,19.8,0,1,0,0,1,0
740,2.7,840.0,15.0,48.0,0.59,10.0,5.573418423921735,15.2,1,0,0,0,1,0
741,2.5,920.0,33.0,88.0,0.52,9.2,5.087775295700559,17.6,1,0,0,0,1,0
742,2.4,120.0,36.0,100.0,0.39,11.7,7.0,13.4,1,0,0,0,0,0
743,1.7,620.0,26.0,42.0,0.83,10.6,6.361985133236159,19.8,1,0,0,0,0,0
744,2.1,680.0,30.0,35.0,0.65,11.4,5.992957746677081,15.2,0,1,0,0,1,0
745,2.3,910.0,10.0,23.0,0.56,10.5,5.460051351110488,19.2,1,0,0,0,1,0
746,1.7,970.0,19.0,27.0,0.49,9.4,5.0,15.4,0,0,0,1,0,0
747,2.2,869.9999999999999,3.0,11.0,0.63,12.8,6.999999999999992,11.2,1,1,0,0,1,0
748,2.8,1160.0,26.0,55.0,0.68,10.9,5.702153108219472,19.2,0,0,0,1,1,0
749,2.2,750.0,14.0,27.0,0.84,11.4,6.624831972082913,21.0,0,0,0,1,0,0
750,2.2,680.0,12.0,28.0,0.75,12.6,6.8320712441723925,17.8,0,0,0,1,0,0
751,1.8,930.0,9.0,15.0,0.58,11.0,5.622268253175129,14.6,0,0,0,1,1,0
752,2.4,750.0,6.0,17.0,0.63,11.8,6.520448445667565,20.4,1,0,0,0,0,0
753,2.2,600.0,3.0,10.0,0.83,10.9,7.0,22.2,0,0,0,1,0,0
754,8.1,980.0,30.0,92.0,0.58,9.2,5.0,15.0,0,1,0,0,1,0
755,1.4,470.0,3.0,8.0,0.51,11.8,6.150727976211291,20.6,1,0,0,0,0,0
756,1.8,740.0000000000001,40.0,64.0,0.49,9.6,5.251463668323948,13.6,1,0,0,0,1,0
757,2.5,910.0,15.0,21.0,0.6,11.3,6.0,14.0,1,1,0,0,1,0
758,1.8,1780.0000000000002,6.0,21.0,0.87,9.8,5.316438458411427,15.6,0,0,0,1,1,0
759,2.2,1000.0,50.0,63.0,0.68,11.4,5.8392179140453955,13.2,0,0,0,1,1,0
760,1.75,709.9999999999999,45.0,88.0,0.76,11.8,5.995709095961807,17.0,1,1,0,0,0,0
761,2.5,680.0,41.0,54.0,0.86,10.5,6.063000108528933,20.4,1,0,0,0,1,0
762,2.1,740.0000000000001,24.0,44.0,0.85,11.0,7.0000000000000036,14.4,0,0,0,1,0,0
763,1.9,709.9999999999999,5.0,13.0,0.75,10.5,6.197456559313719,19.2,0,0,0,1,0,0
764,2.1,750.0,19.0,66.0,0.64,9.5,5.0,15.2,1,0,0,0,1,0
765,2.6,740.0000000000001,48.0,90.0,0.62,10.8,5.560974175487709,15.6,1,0,1,0,0,0
766,2.7,1230.0000000000002,15.0,33.0,0.63,11.3,5.999999999999997,13.6,1,1,0,0,1,0
767,1.7,770.0,18.0,34.0,0.6,10.6,6.0,13.4,1,0,0,0,1,0
768,1.7,840.0,13.0,31.0,0.54,10.5,6.0,15.0,0,0,0,1,1,0
769,2.0,830.0,13.0,100.0,0.52,9.9,5.3282947918607455,14.4,0,0,0,1,1,0
770,2.0,520.0,6.0,24.0,0.82,11.9,6.8032906990298185,15.2,0,0,0,1,0,0
771,2.2,770.0,3.0,15.0,0.78,9.6,5.0,20.0,0,0,0,1,0,0
772,15.4,2140.0,55.0,95.0,0.77,9.0,6.0,20.4,0,0,0,1,1,0
773,1.7,520.0,3.0,8.0,0.47,10.3,5.066306103281082,14.0,0,0,0,1,1,0
774,1.9,780.0,18.0,30.0,0.75,9.8,5.0,13.8,1,1,0,0,1,0
775,5.2,940.0,19.0,98.0,0.52,9.6,5.652760400157237,14.8,0,1,0,0,1,0
776,2.1,600.0,6.0,13.0,0.61,10.0,5.2528040580672775,12.4,0,1,0,0,1,0
777,2.3,670.0,19.0,32.0,0.57,11.0,5.641733439225336,13.4,0,0,1,0,0,0
778,13.8,2050.0,48.0,82.0,0.75,8.8,5.344454143207575,19.8,0,0,0,1,1,0
